time,open,high,low,close,volume,turnover,MA5,MA10,MA20,RSI,EMA12,EMA26,MACD,Signal,Histogram,Upper_Band,Lower_Band,Trade_Signal,Position,Cash,Holdings,Portfolio,Returns,Cum_Returns,Cum_Max,Drawdown
2024-10-28,71.950,71.950,70.600,71.650,29510496,2107391569.000,,,,,71.65,71.65,0.0,0.0,0.0,,,0,0,100000.0,0.0,100000.0,,,,
2024-10-29,71.350,72.000,71.000,71.350,23231310,1655789963.000,,,,,71.60384615384616,71.62777777777778,-0.02393162393161674,-0.004786324786323348,-0.019145299145293393,,,-1,0,100000.0,0.0,100000.0,0.0,1.0,1.0,0.0
2024-10-30,71.550,71.600,70.700,70.950,22666162,1608969764.000,,,,,71.50325443786983,71.5775720164609,-0.0743175785910779,-0.01869257554727426,-0.05562500304380365,,,0,0,100000.0,0.0,100000.0,0.0,1.0,1.0,0.0
2024-10-31,71.000,71.650,71.000,71.450,11862751,846307516.000,,,,,71.49506144742831,71.5681222374638,-0.07306079003548405,-0.029566218444916217,-0.043494571590567827,,,0,0,100000.0,0.0,100000.0,0.0,1.0,1.0,0.0
2024-11-01,71.600,72.100,71.250,71.600,11937990,855933633.000,71.4,,,,71.51120584013165,71.57048355320723,-0.0592777130755735,-0.035508517371047675,-0.023769195704525826,,,0,0,100000.0,0.0,100000.0,0.0,1.0,1.0,0.0
2024-11-04,71.600,71.850,71.050,71.450,15184006,1084539255.000,71.36,,,,71.50178955703447,71.56155884556225,-0.05976928852777519,-0.04036067160239318,-0.01940861692538201,,,0,0,100000.0,0.0,100000.0,0.0,1.0,1.0,0.0
2024-11-05,71.000,71.950,71.000,71.850,17353000,1243551878.000,71.46000000000001,,,,71.55536039441378,71.58292485700208,-0.027564462588301808,-0.037801429799574904,0.010236967211273096,,,1,0,100000.0,0.0,100000.0,0.0,1.0,1.0,0.0
2024-11-06,71.850,71.850,70.650,71.000,30572363,2174132953.000,71.47,,,,71.46992033373473,71.5397452379649,-0.06982490423015975,-0.04420612468569187,-0.025618779544467875,,,-1,1391,56.65,99943.35,100000.0,0.0,1.0,1.0,0.0
2024-11-07,71.000,71.650,71.000,71.450,17126948,1221713869.000,71.47,,,,71.46685566700631,71.53309744256009,-0.06624177555377742,-0.04861325485930898,-0.017628520694468436,,,0,0,98817.65,0.0,98817.65,-0.011823500000000098,0.9881764999999999,1.0,1.1823500000000098
2024-11-08,71.450,71.850,70.600,70.800,27026598,1917232438.000,71.31,71.35499999999999,,,71.36426248746687,71.47879392829638,-0.11453144082950928,-0.061796892053349047,-0.05273454877616023,,,0,0,98817.65,0.0,98817.65,0.0,0.9881764999999999,1.0,1.1823500000000098
2024-11-11,70.200,70.450,69.700,70.300,27934587,1957354408.000,71.08,71.22,,,71.20052979708736,71.39147585953368,-0.19094606244632928,-0.0876267261319451,-0.10331933631438418,,,0,0,98817.65,0.0,98817.65,0.0,0.9881764999999999,1.0,1.1823500000000098
2024-11-12,70.250,70.250,68.500,69.100,41064632,2837172724.000,70.53,70.995,,,70.87737136676623,71.22173690697564,-0.34436554020940946,-0.13897448894743797,-0.2053910512619715,,,0,0,98817.65,0.0,98817.65,0.0,0.9881764999999999,1.0,1.1823500000000098
2024-11-13,69.000,71.150,68.800,70.000,33320178,2337444557.000,70.33,70.9,,,70.7423911564945,71.13123787682929,-0.38884672033478296,-0.18894893522490697,-0.199897785109876,,,0,0,98817.65,0.0,98817.65,0.0,0.9881764999999999,1.0,1.1823500000000098
2024-11-14,69.600,70.300,69.300,69.650,19202058,1340940777.000,69.97,70.72,,35.294117647058826,70.57433097857228,71.02151655261972,-0.4471855740474382,-0.24059626298941322,-0.20658931105802497,,,0,0,98817.65,0.0,98817.65,0.0,0.9881764999999999,1.0,1.1823500000000098
2024-11-15,69.800,71.150,69.800,70.550,24660887,1742591994.000,69.91999999999999,70.615,,42.85714285714286,70.57058775109962,70.9865894005738,-0.4160016494741825,-0.2756773402863671,-0.1403243091878154,,,0,0,98817.65,0.0,98817.65,0.0,0.9881764999999999,1.0,1.1823500000000098
2024-11-18,70.550,71.400,70.300,70.850,14878412,1057710643.000,70.03,70.55499999999999,,46.75324675324676,70.61357425093045,70.97647166719797,-0.3628974162675149,-0.29312135548259666,-0.06977606078491827,,,0,0,98817.65,0.0,98817.65,0.0,0.9881764999999999,1.0,1.1823500000000098
2024-11-19,70.900,71.250,70.800,70.950,12392416,880718187.000,70.4,70.465,,50.0,70.66533205847962,70.97451080296108,-0.3091787444814571,-0.29633283328236876,-0.012845911199088345,,,0,0,98817.65,0.0,98817.65,0.0,0.9881764999999999,1.0,1.1823500000000098
2024-11-20,70.900,71.450,70.600,71.300,9661718,687601626.000,70.66,70.495,,48.96551724137932,70.76297328025198,70.99862111385285,-0.23564783360086494,-0.284195833346068,0.048547999745203074,,,1,0,98817.65,0.0,98817.65,0.0,0.9881764999999999,1.0,1.1823500000000098
2024-11-21,71.150,71.400,70.700,71.000,10001245,711714700.000,70.92999999999999,70.45,,45.94594594594595,70.79943892944398,70.99872325356745,-0.19928432412346808,-0.26721353150154803,0.06792920737807995,,,0,1388,61.45,98756.2,98817.65,0.0,0.9881764999999999,1.0,1.1823500000000098
2024-11-22,70.950,71.300,69.900,70.450,17074407,1202913659.000,70.91,70.415,70.885,43.5897435897436,70.7456790941449,70.95807708663652,-0.21239799249161706,-0.25625042369956186,0.0438524312079448,72.30333853875806,69.46666146124196,0,1388,61.45,98478.6,98540.05,-0.0028092147506036946,0.9854005,1.0,1.4599499999999987
2024-11-25,70.450,71.300,70.400,70.900,20004915,1421105088.000,70.92,70.475,70.8475,43.94904458598727,70.76942077196877,70.953775080219,-0.18435430825023502,-0.2418712006096965,0.057516892359461474,72.21958063289222,69.47541936710778,0,1388,61.45,97784.6,97846.05,-0.007042821675044775,0.9784605000000001,1.0,2.1539499999999934
2024-11-26,70.600,71.450,70.400,71.200,16281009,1157925475.000,70.97,70.685,70.84,51.36986301369863,70.83566373012742,70.97201396316575,-0.13635023303832838,-0.22076700709542288,0.0844167740570945,72.20211909209608,69.47788090790392,0,1388,61.45,97992.8,98054.25,0.002127832446991995,0.9805425000000001,1.0,1.9457499999999905
2024-11-27,71.200,72.000,71.050,72.000,15719928,1126595724.000,71.11,70.88499999999999,70.8925,53.594771241830074,71.0147923870309,71.04816107700532,-0.03336868997442366,-0.18328734367122304,0.14991865369679938,72.35006646503685,69.43493353496315,0,1388,61.45,98825.6,98887.05,0.00849325755895336,0.9888705000000001,1.0,1.1129499999999903
2024-11-28,71.650,72.200,71.450,71.650,14354597,1031990591.000,71.24,71.08500000000001,70.9025,55.78231292517007,71.11251663517999,71.09274173796788,0.019774897212101905,-0.14267489549455806,0.16244979270665996,72.37879514949454,69.42620485050547,0,1388,61.45,99450.2,99511.65,0.006316297230021473,0.9951165000000001,1.0,0.48834999999999296
2024-11-29,71.800,72.700,71.700,72.300,16965739,1228727215.000,71.61,71.26,70.9375,63.333333333333336,71.29520638361383,71.18216827589619,0.11303810771764233,-0.09153229485211799,0.20457040256976033,72.51326213807462,69.36173786192538,0,1388,61.45,99658.4,99719.85,0.0020922173433965963,0.9971985000000002,1.0,0.280149999999979
2024-12-02,72.500,72.800,71.800,72.300,12966653,936536296.000,71.89,71.405,70.97999999999999,75.3968253968254,71.449790016904,71.2649706258298,0.18481939107419976,-0.036261957666854444,0.2210813487410542,72.65658801392026,69.30341198607972,-1,1388,61.45,100630.0,100691.45,0.009743295843305022,1.0069145000000002,1.0069145000000002,0.0
2024-12-03,72.000,72.450,71.400,72.250,14467293,1040486913.000,72.1,71.535,71.0,70.64220183486239,71.57289924507262,71.33793576465723,0.23496348041538795,0.017983129949594036,0.21698035046579392,72.72900945174125,69.27099054825875,-1,0,99997.45,0.0,99997.45,-0.006892342895052139,0.9999745000000002,1.0069145000000002,0.6892342895052107
2024-12-04,72.000,72.950,71.850,72.500,21657446,1570951177.000,72.2,71.655,71.075,76.63551401869158,71.71553013044607,71.42401459690484,0.2915155335412294,0.07268961066792111,0.21882592287330827,72.92958180844379,69.22041819155622,-1,0,99997.45,0.0,99997.45,0.0,0.9999745000000002,1.0069145000000002,0.6892342895052107
2024-12-05,71.900,72.850,71.900,72.500,13134528,952617503.000,72.37,71.80499999999999,71.1275,71.91011235955057,71.83621780268514,71.50371721935633,0.33250058332880883,0.12465180520009865,0.20784877812871017,73.08345581695876,69.17154418304123,-1,0,99997.45,0.0,99997.45,0.0,0.9999745000000002,1.0069145000000002,0.6892342895052107
2024-12-06,72.350,73.700,72.350,72.750,28513363,2086240488.000,72.46000000000001,72.035,71.225,71.5909090909091,71.97679967919512,71.59603446236697,0.3807652168281521,0.17587448752570936,0.20489072930244276,73.30282781313869,69.1471721868613,-1,0,99997.45,0.0,99997.45,0.0,0.9999745000000002,1.0069145000000002,0.6892342895052107
2024-12-09,72.950,74.200,72.750,74.000,24990093,1840200160.000,72.8,72.345,71.41,77.47747747747748,72.28806126701126,71.77410598367312,0.5139552833381344,0.2434906466881944,0.27046463664994,73.77945474518374,69.04054525481625,-1,0,99997.45,0.0,99997.45,0.0,0.9999745000000002,1.0069145000000002,0.6892342895052107
2024-12-10,75.000,75.000,73.800,73.800,26684799,1984087464.000,73.10999999999999,72.605,71.645,73.14814814814815,72.5206672259326,71.92417220710475,0.5964950188278522,0.314091521116126,0.2824034977117262,73.98186699844496,69.30813300155503,-1,0,99997.45,0.0,99997.45,0.0,0.9999745000000002,1.0069145000000002,0.6892342895052107
2024-12-11,74.000,74.750,74.000,74.100,19222178,1432412321.000,73.42999999999999,72.81500000000001,71.85,78.7037037037037,72.76364149886605,72.08534463620809,0.6782968626579589,0.38693258942449255,0.2913642732334663,74.29604944650286,69.40395055349713,-1,0,99997.45,0.0,99997.45,0.0,0.9999745000000002,1.0069145000000002,0.6892342895052107
2024-12-12,73.950,74.750,73.950,74.550,15627760,1164156093.000,73.84,73.10499999999999,72.095,88.67924528301887,73.03846588365589,72.26791170019268,0.7705541834632044,0.46365690823223493,0.30689727523096944,74.59424199034747,69.59575800965253,-1,0,99997.45,0.0,99997.45,0.0,0.9999745000000002,1.0069145000000002,0.6892342895052107
2024-12-13,74.350,74.550,73.850,74.050,22042690,1635226206.000,74.1,73.28,72.27,79.43925233644859,73.19408651693959,72.39991824091915,0.7941682760204429,0.5297591817898766,0.26440909423056635,74.80364725663476,69.73635274336523,-1,0,99997.45,0.0,99997.45,0.0,0.9999745000000002,1.0069145000000002,0.6892342895052107
2024-12-16,74.100,75.400,74.050,74.850,34739564,2606804027.000,74.27,73.535,72.47,81.19658119658119,73.44884243741042,72.58140577862883,0.8674366587815854,0.5972946771882184,0.270141981593367,75.15845484873458,69.78154515126542,-1,0,99997.45,0.0,99997.45,0.0,0.9999745000000002,1.0069145000000002,0.6892342895052107
2024-12-17,74.700,75.400,74.700,75.100,28864759,2170471920.000,74.53,73.82000000000001,72.6775,79.24528301886792,73.70286667780881,72.76796831354521,0.9348983642636028,0.6648154146032953,0.27008294966030755,75.50880525971407,69.84619474028592,-1,0,99997.45,0.0,99997.45,0.0,0.9999745000000002,1.0069145000000002,0.6892342895052107
2024-12-18,75.100,75.750,75.000,75.650,21980134,1660205850.000,74.84,74.135,72.89500000000001,86.36363636363636,74.00242565045362,72.98145214217149,1.0209735082821254,0.7360470333390614,0.284926474943064,75.94094640033023,69.84905359966979,-1,0,99997.45,0.0,99997.45,0.0,0.9999745000000002,1.0069145000000002,0.6892342895052107
2024-12-19,75.050,75.950,75.000,75.500,28546590,2158720705.000,75.03,74.435,73.12,82.0,74.23282170422999,73.16801124275138,1.064810461478615,0.8017997189669721,0.2630107425116428,76.24045880567189,69.99954119432812,-1,0,99997.45,0.0,99997.45,0.0,0.9999745000000002,1.0069145000000002,0.6892342895052107
2024-12-20,75.300,75.750,74.850,75.350,19188904,1442861312.000,75.29,74.69500000000001,73.365,79.61165048543688,74.4046952881946,73.3296400395846,1.0750552486099991,0.8564508248955776,0.21860442371442157,76.37010092658265,70.35989907341734,-1,0,99997.45,0.0,99997.45,0.0,0.9999745000000002,1.0069145000000002,0.6892342895052107
2024-12-23,75.800,75.900,75.200,75.750,26855829,2032339460.000,75.47,74.87,73.6075,81.81818181818181,74.61166524385698,73.50892596257833,1.1027392812786445,0.9057085161721911,0.19703076510645345,76.55730374012641,70.65769625987359,-1,0,99997.45,0.0,99997.45,0.0,0.9999745000000002,1.0069145000000002,0.6892342895052107
2024-12-24,75.600,76.300,75.600,76.050,15777082,1200054952.000,75.66,75.095,73.85,81.98198198198199,74.83294751403282,73.697153669054,1.1357938449788207,0.9517255819335171,0.18406826304530366,76.76367013991138,70.9363298600886,-1,0,99997.45,0.0,99997.45,0.0,0.9999745000000002,1.0069145000000002,0.6892342895052107
2024-12-27,75.600,76.450,75.600,76.000,19945041,1519812516.000,75.72999999999999,75.285,74.05,81.25,75.01249405033546,73.86773487875371,1.1447591715817538,0.9903322998631645,0.15442687171858926,76.9780854172184,71.1219145827816,-1,0,99997.45,0.0,99997.45,0.0,0.9999745000000002,1.0069145000000002,0.6892342895052107
2024-12-30,76.000,76.500,75.800,76.150,24341770,1857406171.000,75.86,75.445,74.275,80.9090909090909,75.18749496566846,74.03679155440159,1.1507034112668748,1.0224065221439067,0.1282968891229681,77.1168859564512,71.43311404354881,-1,0,99997.45,0.0,99997.45,0.0,0.9999745000000002,1.0069145000000002,0.6892342895052107
2024-12-31,76.050,76.800,75.900,76.600,13235783,1013398534.000,76.11,75.7,74.49,77.65957446808511,75.40480343248869,74.22665884666814,1.1781445858205473,1.0535541348792348,0.12459045094131249,77.35330688466856,71.62669311533143,-1,0,99997.45,0.0,99997.45,0.0,0.9999745000000002,1.0069145000000002,0.6892342895052107
2025-01-02,76.600,76.600,74.950,75.600,34880883,2641653865.000,76.08,75.775,74.655,66.36363636363636,75.43483367364428,74.32838782098902,1.1064458526552556,1.064132478434439,0.0423133742208166,77.36305815066247,71.94694184933753,0,0,99997.45,0.0,99997.45,0.0,0.9999745000000002,1.0069145000000002,0.6892342895052107
2025-01-03,75.600,76.300,75.500,75.850,20415268,1552380365.000,76.03999999999999,75.85,74.83500000000001,66.05504587155963,75.49870541616055,74.44109983424909,1.05760558191146,1.0628270991298432,-0.005221517218383154,77.34101381942698,72.32898618057304,-1,0,99997.45,0.0,99997.45,0.0,0.9999745000000002,1.0069145000000002,0.6892342895052107
2025-01-06,75.750,76.700,75.700,75.900,20766839,1584077189.000,76.02000000000001,75.875,75.005,63.366336633663366,75.56044304444355,74.5491665131936,1.0112765312499477,1.052516985553864,-0.04124045430391643,77.29615002150749,72.7138499784925,0,0,99997.45,0.0,99997.45,0.0,0.9999745000000002,1.0069145000000002,0.6892342895052107
2025-01-07,75.400,75.800,74.400,75.600,27731046,2085272424.000,75.91,75.885,75.16,65.97938144329896,75.56652872991377,74.62700603073482,0.9395226991789514,1.0299181282788816,-0.09039542909993026,77.13526813636213,73.18473186363786,0,0,99997.45,0.0,99997.45,0.0,0.9999745000000002,1.0069145000000002,0.6892342895052107
2025-01-08,75.500,75.800,74.950,75.300,25635626,1933529679.000,75.65,75.88,75.2875,55.17241379310345,75.52552430992704,74.67685743586557,0.8486668740614647,0.9936678774353983,-0.14500100337393362,76.90447410713936,73.67052589286062,-1,0,99997.45,0.0,99997.45,0.0,0.9999745000000002,1.0069145000000002,0.6892342895052107
2025-01-09,76.000,76.000,74.900,75.250,18502446,1394029860.000,75.58,75.83,75.35,51.807228915662655,75.48313595455365,74.71931244061626,0.7638235139373819,0.947699004735795,-0.18387549079841314,76.84982455114317,73.85017544885682,0,0,99997.45,0.0,99997.45,0.0,0.9999745000000002,1.0069145000000002,0.6892342895052107
2025-01-10,75.100,75.550,74.400,74.800,19925225,1489787930.000,75.37,75.705,75.4,39.50617283950616,75.37803811539155,74.7252892968669,0.6527488185246426,0.8887089674935646,-0.23596014896892203,76.74046339198969,74.05953660801032,0,0,99997.45,0.0,99997.45,0.0,0.9999745000000002,1.0069145000000002,0.6892342895052107
2025-01-13,74.300,74.400,73.500,74.150,21740820,1608549360.000,75.02,75.52000000000001,75.4025,35.164835164835154,75.18910917456208,74.68267527487676,0.5064338996853195,0.8122539539319157,-0.3058200542465962,76.73290357944944,74.07209642055057,0,0,99997.45,0.0,99997.45,0.0,0.9999745000000002,1.0069145000000002,0.6892342895052107
2025-01-14,74.000,74.650,73.700,74.300,25072759,1862370316.000,74.76,75.33500000000001,75.39,38.46153846153846,75.05232314770637,74.65432895821922,0.39799418948715015,0.7294020010429626,-0.33140781155581245,76.75828744287051,74.02171255712949,0,0,99997.45,0.0,99997.45,0.0,0.9999745000000002,1.0069145000000002,0.6892342895052107
2025-01-15,74.300,74.800,74.050,74.500,19930574,1483890326.000,74.6,75.125,75.4125,35.632183908045974,74.96735035575155,74.64289718353632,0.32445317221522885,0.6484122352774159,-0.323959063062187,76.7004502278718,74.12454977212819,0,0,99997.45,0.0,99997.45,0.0,0.9999745000000002,1.0069145000000002,0.6892342895052107
2025-01-16,74.600,75.400,74.400,75.350,16343531,1226219794.000,74.62,75.1,75.4375,42.857142857142854,75.02621953178978,74.69527516994104,0.33094436184873643,0.58491866059168,-0.2539742987429435,76.69860853491818,74.17639146508182,0,0,99997.45,0.0,99997.45,0.0,0.9999745000000002,1.0069145000000002,0.6892342895052107
2025-01-17,75.350,75.700,74.650,75.100,13480917,1013059122.000,74.67999999999999,75.025,75.4375,41.1764705882353,75.03757037305289,74.72525478698245,0.3123155860704401,0.530398045687432,-0.2180824596169919,76.69860853491818,74.17639146508182,0,0,99997.45,0.0,99997.45,0.0,0.9999745000000002,1.0069145000000002,0.6892342895052107
2025-01-20,75.150,75.850,74.950,75.400,12108712,913155485.000,74.92999999999999,74.975,75.42499999999998,42.857142857142854,75.0933287771986,74.77523591387263,0.3180928633259583,0.4879370092151373,-0.16984414588917895,76.68218984874632,74.16781015125365,0,0,99997.45,0.0,99997.45,0.0,0.9999745000000002,1.0069145000000002,0.6892342895052107
2025-01-21,75.100,75.600,74.900,75.400,11171039,839943335.000,75.15,74.955,75.42,37.5,75.14050896532189,74.82151473506725,0.31899423025463136,0.4541484534230361,-0.13515422316840475,76.676729255271,74.163270744729,1,0,99997.45,0.0,99997.45,0.0,0.9999745000000002,1.0069145000000002,0.6892342895052107
2025-01-22,75.050,75.500,74.700,75.000,14400166,1080602787.000,75.25,74.925,75.4025,42.857142857142854,75.1188922014262,74.83473586580301,0.2841563356231944,0.4201500298630678,-0.1359936942398734,76.67300549409582,74.13199450590419,0,1332,30.85,99966.6,99997.45,0.0,0.9999745000000002,1.0069145000000002,0.6892342895052107
2025-01-23,75.450,76.000,74.650,74.850,17653955,1327181484.000,75.15,74.885,75.35749999999999,37.80487804878049,75.07752417043756,74.8358665424102,0.24165762802735458,0.3844515494959252,-0.14279392146857062,76.63988059873084,74.07511940126913,0,1332,30.85,100499.4,100530.25,0.005328135867464612,1.0053025000000002,1.0069145000000002,0.16009303669774808
2025-01-24,74.800,75.450,74.700,75.300,15834394,1190064466.000,75.19,74.935,75.32000000000001,43.33333333333333,75.11175122113947,74.87024679852796,0.24150442261151284,0.3558621241190427,-0.11435770150752989,76.56028859120569,74.07971140879432,0,1332,30.85,99633.6,99664.45,-0.008612333103717562,0.9966445000000002,1.0069145000000002,1.0199475725098803
2025-01-27,75.300,75.900,74.950,75.900,20487006,1548146169.000,75.28999999999999,75.10999999999999,75.315,53.125,75.23302026404109,74.94652481345182,0.2864954505892712,0.3419887894130884,-0.05549333882381724,76.54450567730596,74.08549432269403,0,1332,30.85,100299.6,100330.45,0.00668242286994003,1.0033045,1.0069145000000002,0.3585210065005631
2025-01-28,75.950,76.200,75.450,75.700,4209153,319281578.000,75.35,75.25,75.29249999999999,54.255319148936174,75.30486330034246,75.00233779023317,0.30252551010929096,0.3340961335523289,-0.03157062344303796,76.47316662704245,74.11183337295753,0,1332,30.85,101165.4,101196.25,0.008629483870549848,1.0119625,1.0119625,0.0
2025-02-03,74.550,75.950,74.550,75.950,8795614,661355055.000,75.53999999999999,75.39500000000001,75.26,57.14285714285714,75.40411510028977,75.07253499095664,0.33158010933313165,0.3335929287084895,-0.002012819375357855,76.31859887537662,74.20140112462339,0,1332,30.85,99300.6,99331.45,-0.01842756030979409,0.9933145000000001,1.0119625,1.8427560309794084
2025-02-04,76.000,76.900,75.700,76.500,17482654,1337356768.000,75.87,75.51,75.305,67.0,75.57271277716826,75.17827313977466,0.394439637393603,0.3457622704455122,0.04867736694809077,76.49305457964347,74.11694542035654,1,1332,30.85,101232.0,101262.85,0.01944399281395781,1.0126285000000002,1.0126285000000002,0.0
2025-02-05,76.350,76.400,75.400,75.700,22428492,1698163427.000,75.95,75.57,75.2975,65.0485436893204,75.59229542683468,75.21691957386543,0.37537585296925613,0.351684986950261,0.023690866018995116,76.47289467055974,74.12210532944026,0,1332,30.85,101698.2,101729.05,0.004603860152069483,1.0172905,1.0172905,0.0
2025-02-06,75.950,76.300,75.300,75.550,25296336,1915476290.000,75.88,75.58500000000001,75.28,62.135922330097095,75.58578843809089,75.24159219802354,0.3441962400673475,0.3501872375736783,-0.0059909975063308085,76.42772085364692,74.13227914635308,-1,1332,30.85,101165.4,101196.25,-0.005237442008944382,1.0119625,1.0172905,0.5237442008944346
2025-02-07,75.500,75.950,74.900,75.500,36811778,2772092885.000,75.84,75.595,75.275,60.0,75.57259021684614,75.26073351668846,0.3118567001576764,0.34252113009047797,-0.03066442993280155,76.4177114568803,74.13228854311971,0,0,100596.85,0.0,100596.85,-0.005923144385290846,1.0059685000000003,1.0172905,1.1129564269006573
2025-02-10,76.100,78.300,75.900,77.150,56686933,4379453193.000,76.08000000000001,75.81,75.36749999999999,65.51724137931035,75.81526864502365,75.40067918211895,0.41458946290470067,0.3569347966533225,0.05765466625137816,76.78516115764525,73.94983884235474,1,0,100596.85,0.0,100596.85,0.0,1.0059685000000003,1.0172905,1.1129564269006573
2025-02-11,77.050,77.700,76.850,77.050,37694437,2913709037.000,76.19000000000001,76.03,75.45750000000001,67.2566371681416,76.00522731502001,75.52285109455458,0.48237622046542583,0.3820230814157432,0.10035313904968263,77.06021972793663,73.8547802720634,0,1305,46.6,100550.25,100596.85,0.0,1.0059685000000003,1.0172905,1.1129564269006573
2025-02-12,77.200,78.300,77.200,77.900,41999623,3276957205.000,76.63,76.29,75.6125,70.16129032258064,76.29673080501694,75.69893619866166,0.5977946063552793,0.42517738640365044,0.17261721995162882,77.518411855255,73.706588144745,-1,1305,46.6,100746.0,100792.6,0.001945885979531159,1.0079260000000003,1.0172905,0.9205335152544701
2025-02-13,78.350,79.000,78.000,78.000,47099716,3707434399.000,77.12,76.5,75.80499999999999,70.63492063492063,76.55877221962972,75.86938536913117,0.6893868504985505,0.4780192792226305,0.21136757127592004,77.8607749211228,73.74922507887719,-1,0,102293.35,0.0,102293.35,0.014889485934483249,1.0229335000000004,1.0229335000000004,0.0
2025-02-14,78.350,79.950,78.250,79.900,57302080,4544051588.000,78.0,76.92,76.08500000000001,81.41025641025641,77.0728072627636,76.1679494158622,0.9048578469014075,0.5633869927583859,0.3414708541430216,78.7212054069003,73.44879459309972,-1,0,102293.35,0.0,102293.35,0.0,1.0229335000000004,1.0229335000000004,0.0
2025-02-17,81.000,82.650,79.400,80.250,62459360,5043687854.000,78.62,77.35,76.3725,83.75,77.56160614541535,76.47032353320574,1.0912826122096106,0.6689661166486309,0.4223164955609797,79.49094681312957,73.25405318687044,-1,0,102293.35,0.0,102293.35,0.0,1.0229335000000004,1.0229335000000004,0.0
2025-02-18,80.000,80.950,80.000,80.500,33039789,2660436785.000,79.31000000000002,77.75,76.63000000000001,83.33333333333333,78.01366673842837,76.76881808630161,1.2448486521267625,0.7841426237442572,0.4607060283825053,80.20938542210844,73.05061457789158,-1,0,102293.35,0.0,102293.35,0.0,1.0229335000000004,1.0229335000000004,0.0
2025-02-19,80.000,81.450,80.000,80.750,33825705,2734213591.000,79.88,78.25500000000001,76.9125,82.5503355704698,78.43464108636246,77.06372045027926,1.3709206360831985,0.9014982262120456,0.4694224098711529,80.85669960528347,72.96830039471652,-1,0,102293.35,0.0,102293.35,0.0,1.0229335000000004,1.0229335000000004,0.0
2025-02-20,80.750,80.800,78.600,80.100,49461039,3941996058.000,80.3,78.71,77.14750000000001,77.84810126582278,78.69085014999901,77.28863004655487,1.4022201034441366,1.0016426016584639,0.40057750178567275,81.26836794638966,73.02663205361036,-1,0,102293.35,0.0,102293.35,0.0,1.0229335000000004,1.0229335000000004,0.0
2025-02-21,80.950,83.000,80.700,82.500,59907014,4917486309.000,80.82000000000001,79.41,77.5025,82.58706467661692,79.27687320384531,77.67465745051376,1.6022157533315493,1.121757231993081,0.4804585213384682,82.17576945172478,72.82923054827522,-1,0,102293.35,0.0,102293.35,0.0,1.0229335000000004,1.0229335000000004,0.0
2025-02-24,82.850,83.350,80.700,81.100,46270985,3786625085.000,80.99000000000001,79.80499999999999,77.8075,71.10091743119267,79.55735424940757,77.92838652825348,1.6289677211540834,1.2231993298252817,0.4057683913288017,82.58808298580976,73.02691701419025,-1,0,102293.35,0.0,102293.35,0.0,1.0229335000000004,1.0229335000000004,0.0
2025-02-25,80.200,81.000,79.500,80.150,54027549,4327448538.000,80.92,80.11500000000001,78.0725,70.13574660633483,79.64853051872949,78.0929504891236,1.555580029605892,1.2896754697814037,0.26590455982448824,82.74925944938073,73.39574055061928,-1,0,102293.35,0.0,102293.35,0.0,1.0229335000000004,1.0229335000000004,0.0
2025-02-26,80.150,80.950,78.550,79.000,68201601,5405982872.000,80.57000000000001,80.225,78.2575,64.31535269709545,79.5487565927711,78.1601393417811,1.388617250989995,1.309463826023122,0.07915342496687305,82.76203280479533,73.75296719520466,0,0,102293.35,0.0,102293.35,0.0,1.0229335000000004,1.0229335000000004,0.0
2025-02-27,78.300,79.200,77.800,78.750,50419214,3959668840.000,80.3,80.3,78.4,63.26530612244898,79.42587096311401,78.20383272387139,1.2220382392426217,1.291978708667022,-0.06994046942440035,82.76878882408815,74.03121117591186,-1,0,102293.35,0.0,102293.35,0.0,1.0229335000000004,1.0229335000000004,0.0
2025-02-28,78.800,80.250,78.700,79.000,33574269,2670470170.000,79.6,80.21,78.565,58.525345622119815,79.36035235340417,78.26280807765869,1.0975442757454772,1.2530918220827132,-0.155547546337236,82.74982219958137,74.38017780041862,-1,0,102293.35,0.0,102293.35,0.0,1.0229335000000004,1.0229335000000004,0.0
2025-03-03,79.000,80.000,78.800,78.800,27462618,2180689928.000,79.14,80.065,78.7075,57.990867579908674,79.27414429903429,78.3026000719062,0.9715442271280921,1.196782303091789,-0.22523807596369694,82.70740460412611,74.70759539587388,0,0,102293.35,0.0,102293.35,0.0,1.0229335000000004,1.0229335000000004,0.0
2025-03-04,78.950,80.000,78.350,79.500,20586646,1637187334.000,79.01,79.965,78.85749999999999,57.40740740740741,79.30889132995209,78.3912963628761,0.9175949670759849,1.1409448358886283,-0.2233498688126434,82.73187940701187,74.9831205929881,0,0,102293.35,0.0,102293.35,0.0,1.0229335000000004,1.0229335000000004,0.0
2025-03-05,79.550,81.500,79.550,81.250,26184093,2118961143.000,79.46000000000001,80.015,79.13499999999999,63.05220883534136,79.60752343303638,78.60305218784825,1.0044712451881281,1.1136501177485283,-0.10917887256040015,82.84885740734745,75.42114259265253,0,0,102293.35,0.0,102293.35,0.0,1.0229335000000004,1.0229335000000004,0.0
2025-03-06,81.650,82.500,81.100,82.200,30577379,2507017927.000,80.15,80.225,79.4675,60.0,80.00636598180002,78.86949276652615,1.1368732152738659,1.1182947372535958,0.018578478020270017,83.01704037054235,75.91795962945766,1,0,102293.35,0.0,102293.35,0.0,1.0229335000000004,1.0229335000000004,0.0
2025-03-07,81.550,83.550,81.400,83.550,40299232,3349753582.000,81.06,80.33,79.86999999999999,63.2,80.55154044613847,79.21619700604273,1.3353434400957411,1.161704477822025,0.17363896227371622,83.3502298774657,76.38977012253429,1,1254,29.65,102263.7,102293.35,0.0,1.0229335000000004,1.0229335000000004,0.0
2025-03-10,83.450,83.500,82.350,83.100,22224339,1844454518.000,81.91999999999999,80.53,80.1675,60.23622047244094,80.94361114673255,79.50388611670624,1.4397250300263096,1.2173085882628818,0.22241644176342779,83.6857643747353,76.64923562526471,0,1254,29.65,104646.3,104675.95,0.023291836663869026,1.0467595000000003,1.0467595000000003,0.0
2025-03-11,82.950,83.200,82.100,82.600,20202919,1672379674.000,82.53999999999999,80.775,80.445,57.142857142857146,81.19844020108138,79.73322788583911,1.465212315242269,1.2668893336587592,0.1983229815835097,83.79963544179898,77.090364558201,0,1254,29.65,104019.3,104048.95,-0.0059899145887857275,1.0404895000000003,1.0467595000000003,0.5989914588785673
2025-03-12,82.500,82.650,81.500,81.900,32769339,2688084169.000,82.66999999999999,81.06500000000001,80.64500000000001,56.92307692307692,81.3063724778381,79.8937295239251,1.412642953912993,1.296040057709606,0.11660289620338693,83.83361461420168,77.45638538579834,0,1254,29.65,103455.0,103484.65,-0.005423408885913861,1.0348465000000002,1.0467595000000003,1.138083771869284
2025-03-13,81.800,83.000,81.800,82.700,23486373,1938892799.000,82.77000000000001,81.46000000000001,80.88000000000001,50.87719298245614,81.52077671201685,80.10160141104176,1.4191753009750983,1.3206671063627045,0.0985081946123938,83.93793187766292,77.8220681223371,0,1254,29.65,102577.2,102606.85,-0.008482417440654144,1.0260685000000003,1.0467595000000003,1.976671814299274
2025-03-14,83.000,83.950,82.700,83.500,21128699,1766078714.000,82.75999999999999,81.91,81.06,61.11111111111111,81.8252726024758,80.35333463985347,1.4719379626223343,1.3509212776146304,0.1210166850077039,84.293801738545,77.826198261455,0,1254,29.65,104082.0,104111.65,0.014665687524760607,1.0411165,1.0467595000000003,0.539092312990738
2025-03-17,84.100,84.200,83.000,83.700,20426165,1713413948.000,82.88000000000001,82.4,81.23249999999999,67.66169154228857,82.11369220209491,80.6012357776421,1.5124564244528074,1.383228306982266,0.12922811747054141,84.64737073038927,77.8176292696107,0,1254,29.65,105461.4,105491.05,0.013249237717392948,1.0549105,1.0549105,0.0
2025-03-18,84.000,85.000,83.750,85.000,26594653,2250653273.000,83.36,82.95,81.4575,79.41176470588235,82.55773955561877,80.92707016448342,1.630669391135342,1.4327165238128812,0.19795286732246087,85.24213305598145,77.67286694401854,-1,1254,29.65,105336.0,105365.65,-0.0011887264369822015,1.0536565,1.0549105,0.11887264369821783
2025-03-19,84.950,85.550,83.700,84.700,35018716,2969341801.000,83.92,83.295,81.655,79.02439024390245,82.88731808552357,81.20654644859576,1.6807716369278154,1.482327546435868,0.19844409049194733,85.68826953697636,77.62173046302364,-1,0,106556.95,0.0,106556.95,0.011306341298136457,1.0655694999999998,1.0655694999999998,0.0
2025-03-20,84.400,84.500,83.500,83.500,23346571,1960848724.000,84.08,83.425,81.825,70.08928571428572,82.98157684159688,81.37643189684792,1.6051449447489574,1.506891026098486,0.0982539186504714,85.86890379395255,77.78109620604745,-1,0,106556.95,0.0,106556.95,0.0,1.0655694999999998,1.0655694999999998,0.0
2025-03-21,83.200,85.500,83.000,83.550,31872704,2694294991.000,84.09,83.425,81.8775,71.49321266968326,83.06902655827427,81.53743694152585,1.5315896167484198,1.5118307442284729,0.019758872519946902,85.98506362669836,77.76993637330163,-1,0,106556.95,0.0,106556.95,0.0,1.0655694999999998,1.0655694999999998,0.0
2025-03-24,83.900,84.450,82.000,82.300,16749522,1386517593.650,83.80999999999999,83.345,81.9375,62.06896551724138,82.95071478007823,81.59392309400542,1.3567916860728104,1.4808229325973405,-0.12403124652453013,86.03228165988277,77.84271834011723,-1,0,106556.95,0.0,106556.95,0.0,1.0655694999999998,1.0655694999999998,0.0
